{
    "center": {
        "x": -8.992236137390137,
        "y": 26.901317596435548,
        "z": -4.488156795501709
    },
    "prefabs": [
        {
            "PrefabPath": "Assets/Prefabs/Vegetation/Palm_Light.prefab",
            "position": {
                "x": -8.992236137390137,
                "y": 26.901317596435548,
                "z": -4.488156795501709
            },
            "eulerAngles": {
                "x": -6.832453323113441e-7,
                "y": -0.00001001791224553017,
                "z": -6.066426694087048e-21
            },
            "scale": {
                "x": 1.0,
                "y": 1.0,
                "z": 1.0
            }
        }
    ]
}
