{
    "center": {
        "x": 97.25,
        "y": 0.8012696504592896,
        "z": 10.982270240783692
    },
    "prefabs": [
        {
            "PrefabPath": "Assets/Prefabs/BasketWithFruit.prefab",
            "position": {
                "x": 97.25,
                "y": 0.8012696504592896,
                "z": 10.982270240783692
            },
            "eulerAngles": {
                "x": 90.0,
                "y": 0.0,
                "z": 0.0
            },
            "scale": {
                "x": 0.6951668858528137,
                "y": 0.6951671838760376,
                "z": 0.6029406785964966
            }
        }
    ]
}
