{
    "center": {
        "x": -12.072690963745118,
        "y": 18.744029998779298,
        "z": -60.61961364746094
    },
    "prefabs": [
        {
            "PrefabPath": "Assets/Prefabs/Rocks/Rock_1Extrude_2Col.prefab",
            "position": {
                "x": -12.072690963745118,
                "y": 18.744029998779298,
                "z": -60.61961364746094
            },
            "eulerAngles": {
                "x": 353.4610290527344,
                "y": 24.20903968811035,
                "z": 359.6720886230469
            },
            "scale": {
                "x": 1.7066028118133546,
                "y": 1.7066028118133546,
                "z": 1.7066028118133546
            }
        }
    ]
}
